ID,Name,Phone
1,3.43243,1.23
2,5.3434,4.566
3,5.314314,3.13123124
4,3.424413,5.34
5,4.324,5.341421
